sample_id,GEO_accession,patient,disease_status,inflammation_status,tissue_site,age,race,history,biological_treatment,platform,n_cells_raw,missing_barcode_file
HA41AC,GSM8252497,HA41,control,control,ascending_colon,61,african,no_IBD,no,GPL18573,3489,False
HA41TI,GSM8252498,HA41,control,control,terminal_ileum,61,african,no_IBD,no,GPL18573,2816,False
HA48TI_ad,GSM8252501,HA48,CD,adjacent,terminal_ileum,37,caucasian,ileocolonic_CD,anti_TNFalpha,GPL18573,3892,False
HA48TI_inf,GSM8252502,HA48,CD,inf,terminal_ileum,37,caucasian,ileocolonic_CD,anti_TNFalpha,GPL18573,2140,False
HA01AC,GSM8252464,HA01,control,control,ascending_colon,52,unknown,no_IBD,no,GPL24676,6628,False
HA01TI,GSM8252465,HA01,control,control,terminal_ileum,52,unknown,no_IBD,no,GPL24676,4571,False
HA02AC,GSM8252466,HA02,control,control,ascending_colon,58,african,no_IBD,no,GPL24676,6002,False
HA02TI,GSM8252467,HA02,control,control,terminal_ileum,58,african,no_IBD,no,GPL24676,8568,False
HA04AC,GSM8252468,HA04,control,control,ascending_colon,55,unknown,no_IBD,no,GPL24676,6407,False
HA04TI,GSM8252469,HA04,control,control,terminal_ileum,55,unknown,no_IBD,no,GPL24676,5835,False
HA07AC,GSM8252470,HA07,control,control,ascending_colon,75,caucasian,no_IBD,no,GPL24676,5883,False
HA07TI,GSM8252471,HA07,control,control,terminal_ileum,75,caucasian,no_IBD,no,GPL24676,6159,False
HA08AC,GSM8252472,HA08,control,control,ascending_colon,57,african,no_IBD,no,GPL24676,6901,False
HA08TI,GSM8252473,HA08,control,control,terminal_ileum,57,african,no_IBD,no,GPL24676,7413,False
HA11AC,GSM8252474,HA11,control,control,ascending_colon,63,african,no_IBD,no,GPL24676,5583,False
HA11TI,GSM8252475,HA11,control,control,terminal_ileum,63,african,no_IBD,no,GPL24676,6224,False
HA14AC,GSM8252476,HA14,control,control,ascending_colon,50,multiple,no_IBD,no,GPL24676,11383,False
HA14TI,GSM8252477,HA14,control,control,terminal_ileum,50,multiple,no_IBD,no,GPL24676,19723,False
HA16AC_non,GSM8252478,HA16,CD,non,ascending_colon,27,caucasian,ileocolonic_CD,anti_IL12_IL23,GPL24676,15045,False
HA17AC_non,GSM8252479,HA17,CD,non,ascending_colon,62,african,colonic_CD,no,GPL24676,15236,False
HA19TI_ad,GSM8252480,HA19,CD,adjacent,terminal_ileum,31,caucasian,ileocolonic_CD,anti_IL12_IL23,GPL24676,8364,False
HA19TI_non,GSM8252481,HA19,CD,non,terminal_ileum,31,caucasian,ileocolonic_CD,anti_IL12_IL23,GPL24676,16089,False
HA22AC_non,GSM8252482,HA22,CD,non,ascending_colon,51,caucasian,ileocolonic_CD,anti_TNFalpha,GPL24676,4929,False
HA26AC_non,GSM8252483,HA26,CD,non,ascending_colon,66,african,ileocolonic_CD,no,GPL24676,4374,False
HA26TI_non,GSM8252484,HA26,CD,non,terminal_ileum,66,african,ileocolonic_CD,no,GPL24676,3511,False
HA27AC_non,GSM8252485,HA27,CD,non,ascending_colon,45,caucasian,ileocolonic_CD,anti_TNFalpha,GPL24676,3918,False
HA27TI_ad,GSM8252486,HA27,CD,adjacent,terminal_ileum,45,caucasian,ileocolonic_CD,anti_TNFalpha,GPL24676,3861,False
HA27TI_inf,GSM8252487,HA27,CD,inf,terminal_ileum,45,caucasian,ileocolonic_CD,anti_TNFalpha,GPL24676,3994,False
HA31AC_non,GSM8252488,HA31,CD,non,ascending_colon,33,caucasian,ileocolonic_CD,no,GPL24676,6380,False
HA31TI_non,GSM8252489,HA31,CD,non,terminal_ileum,33,caucasian,ileocolonic_CD,no,GPL24676,4728,False
HA35TI_non,GSM8252490,HA35,CD,non,terminal_ileum,24,african,ileocolonic_CD,anti_IL12_IL23,GPL24676,3255,False
HA36AC_non,GSM8252491,HA36,CD,non,ascending_colon,21,caucasian,ileocolonic_CD,anti_TNFalpha,GPL24676,4369,False
HA36TI_non,GSM8252492,HA36,CD,non,terminal_ileum,21,caucasian,ileocolonic_CD,anti_TNFalpha,GPL24676,4410,False
HA37AC_non,GSM8252493,HA37,CD,non,ascending_colon,29,caucasian,ileocolonic_CD,anti_TNFalpha,GPL24676,3894,False
HA37TI_non,GSM8252494,HA37,CD,non,terminal_ileum,29,caucasian,ileocolonic_CD,anti_TNFalpha,GPL24676,4100,False
HA38TI_ad,GSM8252495,HA38,CD,adjacent,terminal_ileum,53,caucasian,ileocolonic_CD,no,GPL24676,2918,False
HA38TI_inf,GSM8252496,HA38,CD,inf,terminal_ileum,53,caucasian,ileocolonic_CD,no,GPL24676,4413,False
HA43TI_ad,GSM8252499,HA43,CD,adjacent,terminal_ileum,34,caucasian,ileocolonic_CD,anti_IL12_IL23,GPL24676,4742,False
HA43TI_inf,GSM8252500,HA43,CD,inf,terminal_ileum,34,caucasian,ileocolonic_CD,anti_IL12_IL23,GPL24676,3734,False
HA49AC,GSM8252503,HA49,control,control,ascending_colon,50,caucasian,no_IBD,no,GPL24676,1930,False
HA49TI,GSM8252504,HA49,control,control,terminal_ileum,50,caucasian,no_IBD,no,GPL24676,8471,False
HA50AC,GSM8252505,HA50,control,control,ascending_colon,49,african,no_IBD,no,GPL24676,3967,False
HA50TI,GSM8252506,HA50,control,control,terminal_ileum,49,african,no_IBD,no,GPL24676,6532,False
HA51AC,GSM8252507,HA51,control,control,ascending_colon,45,caucasian,no_IBD,no,GPL24676,2922,False
HA51TI,GSM8252508,HA51,control,control,terminal_ileum,45,caucasian,no_IBD,no,GPL24676,4333,False
HA52AC,GSM8252509,HA52,control,control,ascending_colon,43,african,no_IBD,no,GPL24676,3610,False
HA54AC,GSM8252510,HA54,control,control,ascending_colon,48,multiple,no_IBD,no,GPL24676,3343,False
HA54TI,GSM8252511,HA54,control,control,terminal_ileum,48,multiple,no_IBD,no,GPL24676,2846,False
HA55AC,GSM8252512,HA55,control,control,ascending_colon,38,caucasian,no_IBD,no,GPL24676,5257,False
HA55TI,GSM8252513,HA55,control,control,terminal_ileum,38,caucasian,no_IBD,no,GPL24676,7738,False
HA56TI_ad,GSM8252514,HA56,CD,adjacent,terminal_ileum,31,caucasian,colonic_CD,no,GPL24676,7131,False
HA57AC_ad,GSM8252515,HA57,CD,adjacent,ascending_colon,40,african,colonic_CD,anti_TNFalpha,GPL24676,1529,False
HA57AC_inf,GSM8252516,HA57,CD,inf,ascending_colon,40,african,colonic_CD,anti_TNFalpha,GPL24676,3473,False
HA59TI_ad,GSM8252517,HA59,CD,adjacent,terminal_ileum,74,caucasian,ileal_CD,anti_TNFalpha,GPL24676,5543,False
HA59TI_inf,GSM8252518,HA59,CD,inf,terminal_ileum,74,caucasian,ileal_CD,anti_TNFalpha,GPL24676,5424,False
HA60TI_ad,GSM8252519,HA60,CD,adjacent,terminal_ileum,70,caucasian,ileocolonic_CD,no,GPL24676,5437,False
HA60TI_inf,GSM8252520,HA60,CD,inf,terminal_ileum,70,caucasian,ileocolonic_CD,no,GPL24676,4980,False
HA61TI_ad,GSM8252521,HA61,CD,adjacent,terminal_ileum,27,caucasian,ileocolonic_CD,anti_IL12_IL23,GPL24676,8614,False
HA61TI_inf,GSM8252522,HA61,CD,inf,terminal_ileum,27,caucasian,ileocolonic_CD,anti_IL12_IL23,GPL24676,6576,False
HA62AC,GSM8252523,HA62,control,control,ascending_colon,51,caucasian,no_IBD,no,GPL24676,4289,False
HA62TI,GSM8252524,HA62,control,control,terminal_ileum,51,caucasian,no_IBD,no,GPL24676,4459,False
HA63AC_ad,GSM8252525,HA63,CD,adjacent,ascending_colon,51,african,naive_CD,no,GPL24676,5857,False
HA63AC_inf,GSM8252526,HA63,CD,inf,ascending_colon,51,african,naive_CD,no,GPL24676,4479,False
HA65AC,GSM8252527,HA65,control,control,ascending_colon,49,indian,no_IBD,no,GPL24676,6346,False
HA65TI,GSM8252528,HA65,control,control,terminal_ileum,49,indian,no_IBD,no,GPL24676,5707,False
HA66AC_ad,GSM8252529,HA66,CD,adjacent,ascending_colon,32,african,ileocolonic_CD,anti_IL12_IL23,GPL24676,4676,False
HA66AC_inf,GSM8252530,HA66,CD,inf,ascending_colon,32,african,ileocolonic_CD,anti_IL12_IL23,GPL24676,8839,False
HA68TI_ad,GSM8252531,HA68,CD,adjacent,terminal_ileum,63,caucasian,ileal_CD,no,GPL24676,7767,False
HA68TI_inf,GSM8252532,HA68,CD,inf,terminal_ileum,63,caucasian,ileal_CD,no,GPL24676,5618,False
HA70TI_ad,GSM8252533,HA70,CD,adjacent,terminal_ileum,38,caucasian,ileal_CD,anti_TNFalpha,GPL24676,6573,False
HA70TI_inf,GSM8252534,HA70,CD,inf,terminal_ileum,38,caucasian,ileal_CD,anti_TNFalpha,GPL24676,5594,False
HA79TI_ad,GSM8252535,HA79,CD,adjacent,terminal_ileum,24,caucasian,ileocolonic_CD,anti_IL12_IL23,GPL24676,6136,False
HA79TI_inf,GSM8252536,HA79,CD,inf,terminal_ileum,24,caucasian,ileocolonic_CD,anti_IL12_IL23,GPL24676,7187,False
HA82TI_ad,GSM8252537,HA82,CD,adjacent,terminal_ileum,21,unknown,ileocolonic_CD,anti_TNFalpha,GPL24676,8562,False
HA82TI_inf,GSM8252538,HA82,CD,inf,terminal_ileum,21,unknown,ileocolonic_CD,anti_TNFalpha,GPL24676,5678,False
OR06TI_non,GSM8252539,OR06,CD,non,terminal_ileum,56,caucasian,ileocolonic_CD,anti_IL12_IL23,GPL24676,7787,False
OR07TI_non,GSM8252540,OR07,CD,non,terminal_ileum,28,caucasian,ileal_CD,anti_TNFalpha,GPL24676,6654,False
OR95AC,GSM8252541,OR95,control,control,ascending_colon,45,caucasian,no_IBD,no,GPL24676,5319,False
OR95TI,GSM8252542,OR95,control,control,terminal_ileum,45,caucasian,no_IBD,no,GPL24676,4007,False
HA102AC_ad,GSM8647246,HA102AC_ad,CD,adjacent,ascending_colon,44,casusasian,Ileocolonic CD,anti-TNF,GPL24676,6184,False
HA102AC_inf,GSM8647247,HA102AC_inf,CD,inf,ascending_colon,44,casusasian,Ileocolonic CD,anti-TNF,GPL24676,4310,False
HA104AC_ad,GSM8647248,HA104AC_ad,CD,adjacent,ascending_colon,48,casusasian,Colonic and Perianal CD,anti_IL12_IL23,GPL24676,4545,False
HA104AC_inf,GSM8647249,HA104AC_inf,CD,inf,ascending_colon,48,casusasian,Colonic and Perianal CD,anti_IL12_IL23,GPL24676,5756,False
HA98AC_ad,GSM8647250,HA98AC_ad,CD,adjacent,ascending_colon,19,casusasian,Ileal-colonic and perianal CD,anti-TNF,GPL24676,4556,False
HA98AC_inf,GSM8647251,HA98AC_inf,CD,inf,ascending_colon,19,casusasian,Ileal-colonic and perianal CD,anti-TNF,GPL24676,4759,False
